{"City": {"Bangalore": 0, "Chennai": 1, "Delhi": 2, "Hyderabad": 3, "Jaipur": 4, "Kolkata": 5}, "Body_type": {"Convertibles": 0, "Coupe": 1, "Hatchback": 2, "Hybrids": 3, "MUV": 4, "Minivans": 5, "Pickup Trucks": 6, "SUV": 7, "Sedan": 8, "Wagon": 9}, "Fuel_type": {"Cng": 0, "Diesel": 1, "Electric": 2, "Lpg": 3, "Petrol": 4}, "Transmission_Type": {"Automatic": 0, "Manual": 1}, "Manufactured_By": {"Audi": 0, "BMW": 1, "Chevrolet": 2, "Citroen": 3, "Datsun": 4, "Fiat": 5, "Ford": 6, "Hindustan Motors": 7, "Honda": 8, "Hyundai": 9, "Isuzu": 10, "Jaguar": 11, "Jeep": 12, "Kia": 13, "Land Rover": 14, "Lexus": 15, "MG": 16, "Mahindra": 17, "Mahindra Renault": 18, "Mahindra Ssangyong": 19, "Maruti": 20, "Mercedes-Benz": 21, "Mini": 22, "Mitsubishi": 23, "Nissan": 24, "Opel": 25, "Porsche": 26, "Renault": 27, "Skoda": 28, "Tata": 29, "Toyota": 30, "Volkswagen": 31, "Volvo": 32}}